Sex,Weight,Total,Coefficient,Score
2,80,600,1.568593285,426.9011674
1,450,2100,0.531598647,506.3710898
1,218.2,1765,0.611135577,489.269357
1,197.6,1823,0.63973894,528.9994199
2,142.6,1790,1.052925703,854.9023268
2,164.8,1125,0.952618962,486.1132792
