Sex,Weight,Total,Coefficient,Score
2,30,272,1.661116906,451.823798531
1,75.5,510,0.709288582,361.737177022
1,99,800,0.611069408,488.855526764
1,204.12,955.5,0.53159897,507.942816078
2,90,830,0.864064284,717.173355484
2,65,812,1.049102944,851.87159086
