Sex,Weight,Total,Coefficient,Score
1,127.46,1365,0.518,707.07
2,74.12,817,0.7279,594.6943
2,67.13,680.5,0.7827,532.62735
1,164.2,1045,0.47965,501.23425
1,99.79,862,0.5545,477.979
1,104.78,849,0.5441,461.9409
1,74.84,681,0.6659,453.4779
2,66.68,558,0.7867,438.9786
2,59.87,499,0.8615,429.8885
1,97.07,748.44,0.5616,420.323904
2,112.95,681,0.5655,385.1055
2,86.18,554,0.6515,360.931
2,30,500,0,0
1,500,2500,0,0