Sex,Weight,Total,Coefficient,Score
1,127.46,1365,0.518,1558.822517338
2,74.12,817,0.7279,1311.076506954
2,67.13,680.5,0.7827,1174.242304906
1,164.2,1045,0.47965,1105.032366471
1,99.79,862,0.5545,1053.763316241
1,104.78,849,0.5441,1018.405358167
1,74.84,681,0.6659,999.747636917
2,66.68,558,0.7867,967.782152134
2,59.87,499,0.8615,947.741912038
1,97.07,748.44,0.5616,926.655587326
2,112.95,681,0.5655,849.012297157
2,86.18,554,0.6515,795.716647581
2,30,500,0,0
1,500,2500,0,0